index,home_team,away_team,id,market,competition_name,prediction,competition_cluster,status,federation,is_expired,season,result,start_date,last_update_at,odds
0,Pomorie,Strumska Slava Radomir,40586,classic,Second PFL,1X,Bulgaria,lost,UEFA,TRUE,2018 - 2019,0 - 2,2018-12-01T12:30:00,2018-12-01T12:15:21.956000,"{'1': 1.975, 'X': 3.11, '2': 3.18, '1X': 1.26, 'X2': 1.625, '12': 1.27}"
1,FC Koln,Greuther Furth,40101,classic,2. Bundesliga,1,Germany,won,UEFA,TRUE,2018 - 2019,4 - 0,2018-12-01T12:00:00,2018-12-01T09:16:17.282000,"{'1': 1.367, 'X': 4.834, '2': 7.38, '1X': 1.081, 'X2': 2.951, '12': 1.146}"
2,Sankt Pauli,Dynamo Dresden,40103,classic,2. Bundesliga,1X,Germany,won,UEFA,TRUE,2018 - 2019,01-Jan,2018-12-01T12:00:00,2018-12-01T09:16:17.282000,"{'1': 1.96, 'X': 3.334, '2': 3.804, '1X': 1.249, 'X2': 1.77, '12': 1.286}"
3,Sloboda Tuzla,Mladost Doboj Kakanj,40154,classic,Premier League,12,Bosnia and Herzegovina,won,UEFA,TRUE,2018 - 2019,02-Jan,2018-12-01T12:00:00,2018-12-01T09:16:17.282000,"{'1': 1.908, 'X': 3.283, '2': 3.515, '1X': 1.25, 'X2': 1.75, '12': 1.275}"
4,Mornar Bar,Zeta Golubovci,40184,classic,Prva Liga,2,Montenegro,lost,UEFA,TRUE,2018 - 2019,0 - 0,2018-12-01T12:00:00,2018-12-01T09:16:17.282000,"{'1': 3.827, 'X': 2.96, '2': 1.92, '1X': 1.713, 'X2': 1.2, '12': 1.317}"
5,Sutjeska Niksic,Grbalj Radanovici,40187,classic,Prva Liga,1X,Montenegro,won,UEFA,TRUE,2018 - 2019,3 - 0,2018-12-01T12:00:00,2018-12-01T09:16:17.282000,"{'1': 1.79, 'X': 2.91, '2': 4.05, '1X': 1.18, 'X2': 1.69, '12': 1.28}"
6,Sheffield United,Leeds,40062,classic,Championship,12,England,won,UEFA,TRUE,2018 - 2019,0 - 1,2018-12-01T12:30:00,2018-12-01T12:15:21.956000,"{'1': 2.297, 'X': 3.384, '2': 3.097, '1X': 1.354, 'X2': 1.59, '12': 1.29}"
7,Grenoble Foot 38,Metz,40095,classic,Ligue 2,1X,France,won,UEFA,TRUE,2018 - 2019,01-Jan,2018-12-01T13:00:00,2018-12-01T12:15:21.956000,"{'1': 2.607, 'X': 2.884, '2': 2.824, '1X': 1.397, 'X2': 1.456, '12': 1.353}"
8,Preussen Munster,Hallescher,40108,classic,3. Liga,1X,Germany,lost,UEFA,TRUE,2018 - 2019,01-Feb,2018-12-01T13:00:00,2018-12-01T12:15:21.956000,"{'1': 2.556, 'X': 3.163, '2': 2.639, '1X': 1.441, 'X2': 1.47, '12': 1.287}"
9,Botev Plovdiv,Beroe Stara Zagora,40158,classic,First PFL,12,Bulgaria,won,UEFA,TRUE,2018 - 2019,04-Jan,2018-12-01T13:00:00,2018-12-01T12:15:21.956000,"{'1': 2.589, 'X': 3.157, '2': 2.529, '1X': 1.464, 'X2': 1.451, '12': 1.296}"
10,Platanias FC,AO Trikala,40171,classic,Football League,1,Greece,won,UEFA,TRUE,2018 - 2019,2 - 0,2018-12-01T13:00:00,2018-12-01T12:15:21.956000,"{'1': 1.646, 'X': 3.35, '2': 4.83, '1X': 1.143, 'X2': 2.06, '12': 1.26}"
11,Warta Poznan,Puszcza Niepolomice,40200,classic,First League,12,Poland,won,UEFA,TRUE,2018 - 2019,2 - 0,2018-12-01T12:00:00,2018-12-01T09:16:17.282000,"{'1': 3.029, 'X': 2.974, '2': 2.345, '1X': 1.53, 'X2': 1.335, '12': 1.327}"
12,FC Nitra,FK Senica,40242,classic,Superliga,1,Slovakia,won,UEFA,TRUE,2018 - 2019,1 - 0,2018-12-01T13:00:00,2018-12-01T09:16:17.282000,"{'1': 1.705, 'X': 3.568, '2': 4.2, '1X': 1.183, 'X2': 1.997, '12': 1.228}"
13,Antalyaspor,Goztepe,40252,classic,Super Lig,1X,Turkey,won,UEFA,TRUE,2018 - 2019,1 - 0,2018-12-01T13:00:00,2018-12-01T12:15:21.956000,"{'1': 2.454, 'X': 3.197, '2': 2.901, '1X': 1.39, 'X2': 1.521, '12': 1.293}"
14,Balikesirspor,Denizlispor,40257,classic,TFF First League,12,Turkey,lost,UEFA,TRUE,2018 - 2019,0 - 0,2018-12-01T13:00:00,2018-12-01T12:15:21.956000,"{'1': 2.567, 'X': 3.332, '2': 2.548, '1X': 1.473, 'X2': 1.454, '12': 1.283}"
15,Sion,Luzern,40249,classic,Swiss Super League,12,Switzerland,won,UEFA,TRUE,2018 - 2019,2 - 0,2018-12-01T18:00:00,2018-12-01T15:13:15.273000,"{'1': 2.147, 'X': 3.539, '2': 3.029, '1X': 1.36, 'X2': 1.637, '12': 1.259}"
16,Zulte Waregem,Oostende,40150,classic,First Division A,1,Belgium,lost,UEFA,TRUE,2018 - 2019,01-Jan,2018-12-01T19:00:00,2018-12-01T15:13:15.273000,"{'1': 1.699, 'X': 3.989, '2': 4.377, '1X': 1.193, 'X2': 2.099, '12': 1.216}"
17,Szombathelyi Haladas,Diosgyori,40175,classic,NB I,1X,Hungary,won,UEFA,TRUE,2018 - 2019,01-Jan,2018-12-01T16:00:00,2018-12-01T15:13:15.273000,"{'1': 1.982, 'X': 3.348, '2': 3.542, '1X': 1.268, 'X2': 1.742, '12': 1.272}"
18,Apollon Smyrni,Atromitos Athens,40168,classic,Super League,2,Greece,lost,UEFA,TRUE,2018 - 2019,01-Jan,2018-12-01T17:00:00,2018-12-01T15:13:15.273000,"{'1': 5.543, 'X': 3.197, '2': 1.727, '1X': 2.016, 'X2': 1.133, '12': 1.303}"
19,SPAL,Empoli,40111,classic,Serie A,12,Italy,lost,UEFA,TRUE,2018 - 2019,02-Feb,2018-12-01T14:00:00,2018-12-01T12:15:21.956000,"{'1': 2.406, 'X': 3.247, '2': 3.017, '1X': 1.374, 'X2': 1.556, '12': 1.311}"
20,Cremonese,Crotone,40116,classic,Serie B,1X,Italy,won,UEFA,TRUE,2018 - 2019,1 - 0,2018-12-01T14:00:00,2018-12-01T12:15:21.956000,"{'1': 2.397, 'X': 2.953, '2': 3.07, '1X': 1.341, 'X2': 1.523, '12': 1.336}"
21,NK Osijek,HNK Rijeka,40160,classic,Prva HNL,1X,Croatia,lost,UEFA,TRUE,2018 - 2019,01-Feb,2018-12-01T14:00:00,2018-12-01T12:15:21.956000,"{'1': 2.471, 'X': 3.146, '2': 2.743, '1X': 1.415, 'X2': 1.468, '12': 1.308}"
22,Chrobry Glogow,Wigry Suwalki,40201,classic,First League,1X,Poland,lost,UEFA,TRUE,2018 - 2019,0 - 2,2018-12-01T14:00:00,2018-12-01T12:15:21.956000,"{'1': 2.181, 'X': 3.151, '2': 3.153, '1X': 1.316, 'X2': 1.609, '12': 1.3}"
23,Istanbul Basaksehir,Sivasspor,40253,classic,Super Lig,1,Turkey,lost,UEFA,TRUE,2018 - 2019,0 - 1,2018-12-01T13:00:00,2018-12-01T12:15:21.956000,"{'1': 1.509, 'X': 4.044, '2': 6.423, '1X': 1.104, 'X2': 2.461, '12': 1.199}"
24,SP Tre Penne,SS Virtus,40596,classic,Campionato Sammarinese,1,San Marino,won,UEFA,TRUE,2018 - 2019,04-Jan,2018-12-01T14:00:00,2018-12-01T12:15:21.956000,"{'1': 1.125, 'X': 7.5, '2': 11.5, '1X': None, 'X2': None, '12': None}"
25,Leicester,Watford,40058,classic,Premier League,1X,England,won,UEFA,TRUE,2018 - 2019,2 - 0,2018-12-01T15:00:00,2018-12-01T12:15:21.956000,"{'1': 2.223, 'X': 3.287, '2': 3.43, '1X': 1.309, 'X2': 1.659, '12': 1.317}"
26,Birmingham,Preston,40063,classic,Championship,1X,England,won,UEFA,TRUE,2018 - 2019,3 - 0,2018-12-01T15:00:00,2018-12-01T12:15:21.956000,"{'1': 2.347, 'X': 3.201, '2': 3.12, '1X': 1.346, 'X2': 1.569, '12': 1.316}"
27,Norwich,Rotherham,40067,classic,Championship,1,England,won,UEFA,TRUE,2018 - 2019,03-Jan,2018-12-01T15:00:00,2018-12-01T12:15:21.956000,"{'1': 1.419, 'X': 4.517, '2': 7.909, '1X': 1.077, 'X2': 2.794, '12': 1.174}"
28,Queens Park Rangers,Hull City,40069,classic,Championship,12,England,won,UEFA,TRUE,2018 - 2019,02-Mar,2018-12-01T15:00:00,2018-12-01T12:15:21.956000,"{'1': 1.919, 'X': 3.403, '2': 4.216, '1X': 1.21, 'X2': 1.854, '12': 1.287}"
29,Eastleigh,Dover Athletic,40074,classic,National League,1X,England,won,UEFA,TRUE,2018 - 2019,02-Feb,2018-12-01T15:00:00,2018-12-01T12:15:21.956000,"{'1': 1.886, 'X': 3.313, '2': 3.941, '1X': 1.226, 'X2': 1.824, '12': 1.277}"
30,Werder Bremen,Bayern Munchen,40099,classic,Bundesliga,2,Germany,won,UEFA,TRUE,2018 - 2019,01-Feb,2018-12-01T14:30:00,2018-12-01T12:15:21.956000,"{'1': 7.211, 'X': 5.05, '2': 1.396, '1X': 2.951, 'X2': 1.096, '12': 1.147}"
31,Ballymena United,Linfield,40193,classic,NIFL Premiership,2,Northern Ireland,lost,UEFA,TRUE,2018 - 2019,02-Jan,2018-12-01T15:00:00,2018-12-01T12:15:21.956000,"{'1': 3.404, 'X': 3.506, '2': 1.927, '1X': 1.764, 'X2': 1.266, '12': 1.25}"
32,Cliftonville,Dungannon Swifts,40194,classic,NIFL Premiership,1,Northern Ireland,won,UEFA,TRUE,2018 - 2019,05-Jan,2018-12-01T15:00:00,2018-12-01T12:15:21.956000,"{'1': 1.531, 'X': 3.986, '2': 5.124, '1X': 1.128, 'X2': 2.26, '12': 1.208}"
33,Glenavon,Institute,40195,classic,NIFL Premiership,1,Northern Ireland,lost,UEFA,TRUE,2018 - 2019,03-Mar,2018-12-01T15:00:00,2018-12-01T12:15:21.956000,"{'1': 1.3, 'X': 5.01, '2': 7.789, '1X': 1.063, 'X2': 3.114, '12': 1.121}"
34,Queen of the South,Partick Thistle,40224,classic,Championship,12,Scotland,won,UEFA,TRUE,2018 - 2019,1 - 0,2018-12-01T15:00:00,2018-12-01T09:16:17.282000,"{'1': 2.092, 'X': 3.492, '2': 3.112, '1X': 1.325, 'X2': 1.647, '12': 1.255}"
35,Dumbarton,Brechin City,40226,classic,League One,12,Scotland,won,UEFA,TRUE,2018 - 2019,04-Jan,2018-12-01T15:00:00,2018-12-01T12:15:21.956000,"{'1': 2.06, 'X': 3.436, '2': 3.164, '1X': 1.31, 'X2': 1.676, '12': 1.256}"
36,Stirling Albion,Elgin City,40234,classic,League Two,12,Scotland,won,UEFA,TRUE,2018 - 2019,05-Feb,2018-12-01T15:00:00,2018-12-01T09:16:17.282000,"{'1': 2.273, 'X': 3.372, '2': 2.82, '1X': 1.373, 'X2': 1.543, '12': 1.273}"
37,Blackburn,Sheffield Wednesday,40064,classic,Championship,12,England,won,UEFA,TRUE,2018 - 2019,04-Feb,2018-12-01T15:00:00,2018-12-01T12:15:21.956000,"{'1': 1.926, 'X': 3.496, '2': 4.034, '1X': 1.234, 'X2': 1.847, '12': 1.266}"
38,Fylde,Sutton United,40075,classic,National League,1X,England,won,UEFA,TRUE,2018 - 2019,02-Feb,2018-12-01T15:00:00,2018-12-01T12:15:21.956000,"{'1': 2.049, 'X': 3.211, '2': 3.453, '1X': 1.27, 'X2': 1.693, '12': 1.296}"
39,Leyton Orient,Gateshead,40077,classic,National League,1,England,won,UEFA,TRUE,2018 - 2019,2 - 0,2018-12-01T15:00:00,2018-12-01T12:15:21.956000,"{'1': 1.707, 'X': 3.557, '2': 4.539, '1X': 1.174, 'X2': 2.029, '12': 1.246}"
40,Lille,Lyonnais,40090,classic,Ligue 1,1X,France,won,UEFA,TRUE,2018 - 2019,02-Feb,2018-12-01T16:00:00,2018-12-01T15:13:15.273000,"{'1': 2.706, 'X': 3.387, '2': 2.56, '1X': 1.501, 'X2': 1.454, '12': 1.287}"
41,Valladolid,Leganes,40129,classic,Primera Division,1X,Spain,lost,UEFA,TRUE,2018 - 2019,02-Apr,2018-12-01T15:15:00,2018-12-01T15:13:15.273000,"{'1': 2.367, 'X': 3.01, '2': 3.407, '1X': 1.312, 'X2': 1.578, '12': 1.372}"
42,Deportivo Fabril,Real Madrid Castilla,40132,classic,Segunda Division B Group 1,12,Spain,won,UEFA,TRUE,2018 - 2019,04-Mar,2018-12-01T16:00:00,2018-12-01T15:13:15.273000,"{'1': 2.818, 'X': 3.162, '2': 2.316, '1X': 1.508, 'X2': 1.36, '12': 1.294}"
43,Austria Wien,Sankt Polten,40143,classic,Bundesliga,1,Austria,won,UEFA,TRUE,2018 - 2019,2 - 0,2018-12-01T16:00:00,2018-12-01T15:13:15.273000,"{'1': 1.756, 'X': 3.637, '2': 4.327, '1X': 1.2, 'X2': 1.993, '12': 1.237}"
44,Westerlo,Roeselare,40152,classic,First Division B,12,Belgium,won,UEFA,TRUE,2018 - Second Stage,2 - 0,2018-12-01T16:00:00,2018-12-01T15:13:15.273000,"{'1': 1.942, 'X': 3.393, '2': 3.528, '1X': 1.258, 'X2': 1.775, '12': 1.265}"
45,Levski Sofia,Dunav Ruse,40159,classic,First PFL,1,Bulgaria,won,UEFA,TRUE,2018 - 2019,3 - 0,2018-12-01T15:30:00,2018-12-01T15:13:15.273000,"{'1': 1.131, 'X': 6.889, '2': 14.626, '1X': 1.023, 'X2': 4.657, '12': 1.067}"
46,Larissa,Panionios,40167,classic,Super League,1X,Greece,won,UEFA,TRUE,2018 - 2019,04-Feb,2018-12-01T15:15:00,2018-12-01T15:13:15.273000,"{'1': 2.406, 'X': 2.826, '2': 3.283, '1X': 1.314, 'X2': 1.516, '12': 1.371}"
47,MTK Budapest,Debreceni,40174,classic,NB I,1X,Hungary,lost,UEFA,TRUE,2018 - 2019,0 - 1,2018-12-01T16:00:00,2018-12-01T15:13:15.273000,"{'1': 2.335, 'X': 3.287, '2': 2.82, '1X': 1.392, 'X2': 1.543, '12': 1.273}"
48,Glentoran,Crusaders,40196,classic,NIFL Premiership,2,Northern Ireland,lost,UEFA,TRUE,2018 - 2019,02-Feb,2018-12-01T15:00:00,2018-12-01T12:15:21.956000,"{'1': 4.57, 'X': 3.829, '2': 1.609, '1X': 2.108, 'X2': 1.154, '12': 1.214}"
49,Maritimo,Vitoria Setubal,40205,classic,Primeira Liga,1X,Portugal,lost,UEFA,TRUE,2018 - 2019,0 - 1,2018-12-01T15:30:00,2018-12-01T15:13:15.273000,"{'1': 2.348, 'X': 3.1, '2': 3.088, '1X': 1.347, 'X2': 1.55, '12': 1.332}"
50,Fiorentina,Juventus,40112,classic,Serie A,2,Italy,won,UEFA,TRUE,2018 - 2019,0 - 3,2018-12-01T17:00:00,2018-12-01T15:13:15.273000,"{'1': 5.674, 'X': 3.769, '2': 1.631, '1X': 2.234, 'X2': 1.143, '12': 1.241}"
51,Charleroi,Cercle Brugge,40148,classic,First Division A,1,Belgium,won,UEFA,TRUE,2018 - 2019,03-Jan,2018-12-01T17:00:00,2018-12-01T15:13:15.273000,"{'1': 1.611, 'X': 3.881, '2': 5.201, '1X': 1.147, 'X2': 2.224, '12': 1.223}"
52,Rudes Zagreb,Hajduk Split,40161,classic,Prva HNL,2,Croatia,won,UEFA,TRUE,2018 - 2019,01-Apr,2018-12-01T16:30:00,2018-12-01T15:13:15.273000,"{'1': 10.827, 'X': 5.27, '2': 1.239, '1X': 3.6, 'X2': 1.038, '12': 1.115}"
53,FC Slovacko,Sparta Prague,40165,classic,First League,2,Czech Republic,lost,UEFA,TRUE,2018 - 2019,02-Jan,2018-12-01T16:00:00,2018-12-01T15:13:15.273000,"{'1': 4.38, 'X': 3.342, '2': 1.803, '1X': 1.915, 'X2': 1.19, '12': 1.277}"
54,M.S. Ashdod,Ironi Kiryat Shmona,40178,classic,Premier League,2,Israel,lost,UEFA,TRUE,2018 - 2019,1 - 0,2018-12-01T16:15:00,2018-12-01T15:13:15.273000,"{'1': 3.49, 'X': 3.036, '2': 2.038, '1X': 1.668, 'X2': 1.258, '12': 1.31}"
55,NK Domzale,NK Maribor,40247,classic,1. SNL,2,Slovenia,won,UEFA,TRUE,2018 - 2019,01-Feb,2018-12-01T16:15:00,2018-12-01T15:13:15.273000,"{'1': 3.24, 'X': 3.621, '2': 1.911, '1X': 1.761, 'X2': 1.297, '12': 1.22}"
56,Kriens,Winterthur,40251,classic,Challenge League,12,Switzerland,won,UEFA,TRUE,2018 - 2019,01-Feb,2018-12-01T16:30:00,2018-12-01T15:13:15.273000,"{'1': 2.477, 'X': 3.504, '2': 2.48, '1X': 1.476, 'X2': 1.48, '12': 1.247}"
57,Kayserispor,Trabzonspor,40254,classic,Super Lig,2,Turkey,won,UEFA,TRUE,2018 - 2019,0 - 2,2018-12-01T16:00:00,2018-12-01T15:13:15.273000,"{'1': 3.31, 'X': 3.53, '2': 2.079, '1X': 1.704, 'X2': 1.303, '12': 1.256}"
58,Real Madrid,Valencia,40131,classic,Primera Division,1,Spain,won,UEFA,TRUE,2018 - 2019,2 - 0,2018-12-01T19:45:00,2018-12-01T15:13:15.273000,"{'1': 1.542, 'X': 4.307, '2': 5.942, '1X': 1.133, 'X2': 2.462, '12': 1.197}"
59,Southampton,Manchester United,40061,classic,Premier League,2,England,lost,UEFA,TRUE,2018 - 2019,02-Feb,2018-12-01T17:30:00,2018-12-01T15:13:15.273000,"{'1': 4.133, 'X': 3.507, '2': 1.934, '1X': 1.856, 'X2': 1.237, '12': 1.284}"
60,Middlesbrough,Aston Villa,40071,classic,Championship,12,England,won,UEFA,TRUE,2018 - 2019,0 - 3,2018-12-01T17:30:00,2018-12-01T15:13:15.273000,"{'1': 2.09, 'X': 3.29, '2': 3.694, '1X': 1.271, 'X2': 1.71, '12': 1.3}"
61,Hoffenheim,Schalke 04,40100,classic,Bundesliga,1,Germany,lost,UEFA,TRUE,2018 - 2019,01-Jan,2018-12-01T17:30:00,2018-12-01T15:13:15.273000,"{'1': 1.781, 'X': 3.933, '2': 4.2, '1X': 1.22, 'X2': 2.003, '12': 1.234}"
62,Ascoli,Spezia,40117,classic,Serie B,1X,Italy,won,UEFA,TRUE,2018 - 2019,03-Jan,2018-12-01T17:00:00,2018-12-01T15:13:15.273000,"{'1': 2.513, 'X': 2.867, '2': 2.981, '1X': 1.346, 'X2': 1.489, '12': 1.361}"
63,Getafe,Espanyol,40130,classic,Primera Division,1X,Spain,won,UEFA,TRUE,2018 - 2019,3 - 0,2018-12-01T17:30:00,2018-12-01T15:13:15.273000,"{'1': 2.347, 'X': 3.038, '2': 3.405, '1X': 1.312, 'X2': 1.587, '12': 1.365}"
64,Barcelona B,Valencia Mestalla,40140,classic,Segunda Division B Group 3,1X,Spain,won,UEFA,TRUE,2018 - 2019,02-Feb,2018-12-01T17:00:00,2018-12-01T15:13:15.273000,"{'1': 1.803, 'X': 3.178, '2': 4.077, '1X': 1.183, 'X2': 1.812, '12': 1.28}"
65,AEL Limassol,Omonia Nicosia,40163,classic,First Division,12,Cyprus,won,UEFA,TRUE,2018 - 2019,02-Jan,2018-12-01T17:00:00,2018-12-01T15:13:15.273000,"{'1': 1.995, 'X': 3.287, '2': 3.303, '1X': 1.298, 'X2': 1.685, '12': 1.273}"
66,PAS Giannina,OFI Crete,40169,classic,Super League,1X,Greece,won,UEFA,TRUE,2018 - 2019,01-Jan,2018-12-01T17:30:00,2018-12-01T15:13:15.273000,"{'1': 1.959, 'X': 3.013, '2': 4.287, '1X': 1.194, 'X2': 1.76, '12': 1.34}"
67,Thun,St. Gallen,40250,classic,Swiss Super League,12,Switzerland,won,UEFA,TRUE,2018 - 2019,2 - 0,2018-12-01T18:00:00,2018-12-01T15:13:15.273000,"{'1': 1.897, 'X': 3.764, '2': 3.517, '1X': 1.273, 'X2': 1.83, '12': 1.234}"
68,Guingamp,Nice,40092,classic,Ligue 1,1X,France,won,UEFA,TRUE,2018 - 2019,0 - 0,2018-12-01T19:00:00,2018-12-01T15:13:15.273000,"{'1': 2.779, 'X': 3.113, '2': 2.661, '1X': 1.461, 'X2': 1.436, '12': 1.33}"
69,Monaco,Montpellier,40093,classic,Ligue 1,1X,France,lost,UEFA,TRUE,2018 - 2019,01-Feb,2018-12-01T19:00:00,2018-12-01T15:13:15.273000,"{'1': 2.606, 'X': 3.2, '2': 2.769, '1X': 1.437, 'X2': 1.489, '12': 1.317}"
70,Kortrijk,Royal Excel Mouscron,40149,classic,First Division A,1,Belgium,won,UEFA,TRUE,2018 - 2019,1 - 0,2018-12-01T19:00:00,2018-12-01T15:13:15.273000,"{'1': 1.647, 'X': 4.034, '2': 4.636, '1X': 1.174, 'X2': 2.164, '12': 1.213}"
71,Paksi,Ferencvarosi,40176,classic,NB I,2,Hungary,won,UEFA,TRUE,2018 - 2019,0 - 3,2018-12-01T18:30:00,2018-12-01T15:13:15.273000,"{'1': 5.803, 'X': 3.943, '2': 1.517, '1X': 2.378, 'X2': 1.118, '12': 1.207}"
72,AZ Alkmaar,Willem II Tilburg,40189,classic,Eredivisie,1,Netherlands,lost,UEFA,TRUE,2018 - 2019,0 - 2,2018-12-01T18:45:00,2018-12-01T15:13:15.273000,"{'1': 1.386, 'X': 4.983, '2': 6.786, '1X': 1.1, 'X2': 2.9, '12': 1.144}"
73,Benfica,Feirense,40206,classic,Primeira Liga,1,Portugal,won,UEFA,TRUE,2018 - 2019,4 - 0,2018-12-01T18:00:00,2018-12-01T15:13:15.273000,"{'1': 1.152, 'X': 7.442, '2': 14.23, '1X': 1.028, 'X2': 4.902, '12': 1.056}"
74,Viitorul Constanta,Dinamo Bucuresti,40214,classic,Liga I,1X,Romania,won,UEFA,TRUE,2018 - 2019,04-Jan,2018-12-01T18:00:00,2018-12-01T15:13:15.273000,"{'1': 2.007, 'X': 3.179, '2': 3.653, '1X': 1.251, 'X2': 1.732, '12': 1.31}"
75,NK Krsko,ND Gorica,40248,classic,1. SNL,1X,Slovenia,won,UEFA,TRUE,2018 - 2019,1 - 0,2018-12-01T18:15:00,2018-12-01T15:13:15.273000,"{'1': 2.409, 'X': 3.061, '2': 2.74, '1X': 1.387, 'X2': 1.486, '12': 1.313}"
76,Vereya Stara Zagora,Lokomotiv Plovdiv,40157,classic,First PFL,2,Bulgaria,lost,UEFA,TRUE,2018 - 2019,02-Feb,2018-12-01T10:30:00,2018-12-01T09:16:17.282000,"{'1': 6.911, 'X': 4.163, '2': 1.403, '1X': 2.646, 'X2': 1.091, '12': 1.18}"
77,Sampdoria,Bologna,40113,classic,Serie A,1X,Italy,won,UEFA,TRUE,2018 - 2019,04-Jan,2018-12-01T19:30:00,2018-12-01T15:13:15.273000,"{'1': 1.959, 'X': 3.324, '2': 4.124, '1X': 1.23, 'X2': 1.829, '12': 1.293}"
78,Legia Warszawa,Korona Kielce,40199,classic,Ekstraklasa,1,Poland,won,UEFA,TRUE,2018 - 2019,3 - 0,2018-12-01T19:30:00,2018-12-01T15:13:15.273000,"{'1': 1.721, 'X': 3.649, '2': 4.564, '1X': 1.184, 'X2': 2.046, '12': 1.243}"
79,Sporting Gijon,Tenerife,40325,classic,Segunda Division,1X,Spain,won,UEFA,TRUE,2018 - 2019,02-Jan,2018-12-01T19:30:00,2018-12-01T09:16:17.282000,"{'1': 1.95, 'X': 3.006, '2': 4.25, '1X': 1.207, 'X2': 1.767, '12': 1.333}"
80,SC Braga,Moreirense,40207,classic,Primeira Liga,1,Portugal,won,UEFA,TRUE,2018 - 2019,2 - 0,2018-12-01T20:30:00,2018-12-01T15:13:15.273000,"{'1': 1.36, 'X': 4.733, '2': 7.837, '1X': 1.072, 'X2': 2.99, '12': 1.157}"
81,Alma Juventus Fano,Rimini,40126,classic,Serie C,1X,Italy,won,UEFA,TRUE,2018 - 2019,1 - 0,2018-12-01T17:30:00,2018-11-30T21:13:33.422000,"{'1': 2.98, 'X': 2.947, '2': 2.347, '1X': 1.518, 'X2': 1.337, '12': 1.328}"
82,Boluspor,Adana Demirspor,40256,classic,TFF First League,1X,Turkey,lost,UEFA,TRUE,2018 - 2019,02-Mar,2018-12-01T10:30:00,2018-11-29T21:13:11.175000,"{'1': 2.085, 'X': 3.232, '2': 3.42, '1X': 1.283, 'X2': 1.682, '12': 1.292}"
83,Mladost Lucani,Partizan Belgrade,40238,classic,SuperLiga,2,Serbia,lost,UEFA,TRUE,2018 - 2019,01-Jan,2018-12-01T14:30:00,2018-11-30T15:14:35.752000,"{'1': 5.874, 'X': 3.814, '2': 1.46, '1X': 2.414, 'X2': 1.094, '12': 1.198}"
84,Altay,Altinordu,40255,classic,TFF First League,1X,Turkey,lost,UEFA,TRUE,2018 - 2019,01-Feb,2018-12-01T10:30:00,2018-11-30T15:14:35.752000,"{'1': 2.195, 'X': 3.212, '2': 3.185, '1X': 1.333, 'X2': 1.618, '12': 1.283}"
85,Gubbio,Monza 1912,40119,classic,Serie C,1X,Italy,won,UEFA,TRUE,2018 - 2019,0 - 0,2018-12-01T13:30:00,2018-11-30T15:14:35.752000,"{'1': 2.305, 'X': 2.928, '2': 3.07, '1X': 1.317, 'X2': 1.538, '12': 1.333}"
86,Raith Rovers,Airdrie United,40228,classic,League One,1,Scotland,won,UEFA,TRUE,2018 - 2019,2 - 0,2018-12-01T15:00:00,2018-11-30T21:13:33.422000,"{'1': 1.751, 'X': 3.711, '2': 3.937, '1X': 1.21, 'X2': 1.959, '12': 1.221}"
87,Arsenal Kiev,Karpaty Lvov,40260,classic,Premier League,2,Ukraine,lost,UEFA,TRUE,2018 - 2019,01-Jan,2018-12-01T15:00:00,2018-11-30T21:13:33.422000,"{'1': 3.229, 'X': 3.07, '2': 2.169, '1X': 1.612, 'X2': 1.298, '12': 1.3}"
88,Nottingham,Ipswich,40068,classic,Championship,1,England,won,UEFA,TRUE,2018 - 2019,2 - 0,2018-12-01T15:00:00,2018-11-30T21:13:33.422000,"{'1': 1.643, 'X': 3.689, '2': 5.759, '1X': 1.13, 'X2': 2.214, '12': 1.247}"
89,FK Sarajevo,Celik Zenica,40156,classic,Premier League,1,Bosnia and Herzegovina,won,UEFA,TRUE,2018 - 2019,03-Jan,2018-12-01T15:00:00,2018-11-30T21:13:33.422000,"{'1': 1.182, 'X': 5.846, '2': 9.91, '1X': 1.035, 'X2': 3.75, '12': 1.095}"
90,Bolton,Wigan,40065,classic,Championship,1X,England,won,UEFA,TRUE,2018 - 2019,01-Jan,2018-12-01T15:00:00,2018-11-30T21:13:33.422000,"{'1': 3.153, 'X': 3.171, '2': 2.364, '1X': 1.56, 'X2': 1.349, '12': 1.321}"
91,Banants,Shirak,40582,classic,Premier League,1X,Armenia,won,UEFA,TRUE,2018 - 2019,4 - 0,2018-12-01T10:00:00,2018-12-01T03:14:21.540000,"{'1': 2.397, 'X': 3.177, '2': 2.587, '1X': 1.407, 'X2': 1.46, '12': 1.28}"
92,Wehen Wiesbaden,Sportfreunde Lotte,40109,classic,3. Liga,1,Germany,won,UEFA,TRUE,2018 - 2019,2 - 0,2018-12-01T13:00:00,2018-12-01T09:16:17.282000,"{'1': 1.521, 'X': 4.069, '2': 5.46, '1X': 1.13, 'X2': 2.353, '12': 1.196}"
93,OFK Petrovac,Iskra Danilovgrad,40185,classic,Prva Liga,1X,Montenegro,lost,UEFA,TRUE,2018 - 2019,01-Feb,2018-12-01T14:30:00,2018-12-01T09:16:17.282000,"{'1': 2.513, 'X': 2.797, '2': 2.74, '1X': 1.353, 'X2': 1.43, '12': 1.347}"
94,Vitoria Guimaraes B,Oliveirense,40212,classic,Segunda Liga,1X,Portugal,won,UEFA,TRUE,2018 - 2019,01-Jan,2018-12-01T15:00:00,2018-12-01T09:16:17.282000,"{'1': 2.26, 'X': 3.085, '2': 3.065, '1X': 1.335, 'X2': 1.563, '12': 1.308}"
95,Huddersfield,Brighton,40057,classic,Premier League,1X,England,lost,UEFA,TRUE,2018 - 2019,01-Feb,2018-12-01T15:00:00,2018-12-01T09:16:17.282000,"{'1': 2.423, 'X': 2.97, '2': 3.393, '1X': 1.316, 'X2': 1.561, '12': 1.379}"
96,Stranraer,Forfar Athletic,40229,classic,League One,12,Scotland,won,UEFA,TRUE,2018 - 2019,02-Jan,2018-12-01T15:00:00,2018-12-01T09:16:17.282000,"{'1': 2.719, 'X': 3.467, '2': 2.296, '1X': 1.54, 'X2': 1.403, '12': 1.253}"
97,Cova da Piedade,Famalicao,40210,classic,Segunda Liga,1X,Portugal,won,UEFA,TRUE,2018 - 2019,0 - 0,2018-12-01T15:00:00,2018-12-01T09:16:17.282000,"{'1': 2.948, 'X': 3.012, '2': 2.37, '1X': 1.513, 'X2': 1.353, '12': 1.335}"
98,Varzim,Academico de Viseu,40211,classic,Segunda Liga,12,Portugal,lost,UEFA,TRUE,2018 - 2019,0 - 0,2018-12-01T15:00:00,2018-12-01T09:16:17.282000,"{'1': 2.422, 'X': 3.005, '2': 2.862, '1X': 1.372, 'X2': 1.507, '12': 1.323}"
99,Gernika Club,Arenas Club de Getxo,40136,classic,Segunda Division B Group 2,1X,Spain,won,UEFA,TRUE,2018 - 2019,2 - 0,2018-12-01T17:30:00,2018-12-01T09:16:17.282000,"{'1': 2.443, 'X': 2.815, '2': 2.912, '1X': 1.335, 'X2': 1.457, '12': 1.345}"
100,Academica Coimbra,Arouca,40209,classic,Segunda Liga,12,Portugal,won,UEFA,TRUE,2018 - 2019,2 - 0,2018-12-01T15:00:00,2018-12-01T09:16:17.282000,"{'1': 2.165, 'X': 3.03, '2': 3.317, '1X': 1.285, 'X2': 1.625, '12': 1.312}"
101,Recreativo Huelva,Sevilla Atletico,40141,classic,Segunda Division B Group 4,1,Spain,won,UEFA,TRUE,2018 - 2019,02-Jan,2018-12-01T16:00:00,2018-12-01T09:16:17.282000,"{'1': 1.793, 'X': 3.213, '2': 4.193, '1X': 1.18, 'X2': 1.83, '12': 1.275}"
102,Cittadella,Salernitana,40114,classic,Serie B,1X,Italy,won,UEFA,TRUE,2018 - 2019,03-Jan,2018-12-01T14:00:00,2018-12-01T09:16:17.282000,"{'1': 1.964, 'X': 3.076, '2': 4.031, '1X': 1.213, 'X2': 1.76, '12': 1.32}"
103,Rad Belgrade,Vojvodina Novi Sad,40236,classic,SuperLiga,12,Serbia,won,UEFA,TRUE,2018 - 2019,0 - 1,2018-12-01T12:00:00,2018-12-01T09:16:17.282000,"{'1': 2.892, 'X': 3.032, '2': 2.258, '1X': 1.532, 'X2': 1.34, '12': 1.31}"
104,Sudtirol,Pordenone,40120,classic,Serie C,12,Italy,lost,UEFA,TRUE,2018 - 2019,01-Jan,2018-12-01T13:30:00,2018-12-01T09:16:17.282000,"{'1': 2.435, 'X': 2.925, '2': 2.87, '1X': 1.36, 'X2': 1.477, '12': 1.332}"
105,Leioa,Izarra,40135,classic,Segunda Division B Group 2,1,Spain,lost,UEFA,TRUE,2018 - 2019,02-Feb,2018-12-01T16:00:00,2018-12-01T09:16:17.282000,"{'1': 1.64, 'X': 3.475, '2': 4.727, '1X': 1.143, 'X2': 1.997, '12': 1.245}"
106,Derby County,Swansea,40066,classic,Championship,12,England,won,UEFA,TRUE,2018 - 2019,02-Jan,2018-12-01T15:00:00,2018-12-01T09:16:17.282000,"{'1': 1.917, 'X': 3.45, '2': 4.238, '1X': 1.212, 'X2': 1.865, '12': 1.287}"
107,NK Aluminij Kidricevo,Olimpija Ljubljana,40246,classic,1. SNL,2,Slovenia,lost,UEFA,TRUE,2018 - 2019,06-Feb,2018-12-01T12:30:00,2018-12-01T09:16:17.282000,"{'1': 4.825, 'X': 3.927, '2': 1.55, '1X': 2.225, 'X2': 1.148, '12': 1.195}"
108,Arbroath,Stenhousemuir,40225,classic,League One,1,Scotland,won,UEFA,TRUE,2018 - 2019,05-Feb,2018-12-01T15:00:00,2018-12-01T09:16:17.282000,"{'1': 1.289, 'X': 5.133, '2': 8.254, '1X': 1.05, 'X2': 3.247, '12': 1.114}"
109,Peterhead,Annan Athletic,40233,classic,League Two,1,Scotland,won,UEFA,TRUE,2018 - 2019,02-Jan,2018-12-01T15:00:00,2018-12-01T09:16:17.282000,"{'1': 1.502, 'X': 3.94, '2': 5.753, '1X': 1.11, 'X2': 2.353, '12': 1.203}"
110,Kilmarnock,Hibernian,40218,classic,Premiership,12,Scotland,won,UEFA,TRUE,2018 - 2019,3 - 0,2018-12-01T15:00:00,2018-12-01T09:16:17.282000,"{'1': 2.693, 'X': 3.197, '2': 2.583, '1X': 1.48, 'X2': 1.447, '12': 1.318}"
111,FC Orenburg,Krylya Sovetov Samara,40216,classic,Premier League,1X,Russia,postponed,UEFA,TRUE,2018 - 2019,postp,2018-12-01T13:30:00,2018-12-01T09:16:17.282000,"{'1': 2.145, 'X': 2.918, '2': 3.727, '1X': 1.255, 'X2': 1.652, '12': 1.36}"
112,Teramo,Renate,40121,classic,Serie C,1X,Italy,won,UEFA,TRUE,2018 - 2019,02-Feb,2018-12-01T13:30:00,2018-12-01T09:16:17.282000,"{'1': 2.053, 'X': 2.985, '2': 3.568, '1X': 1.248, 'X2': 1.663, '12': 1.32}"
113,MSK Zilina,DAC Dunajska Streda,40245,classic,Superliga,1X,Slovakia,won,UEFA,TRUE,2018 - 2019,02-Feb,2018-12-01T14:30:00,2018-12-01T09:16:17.282000,"{'1': 2.317, 'X': 3.34, '2': 2.673, '1X': 1.405, 'X2': 1.533, '12': 1.262}"
114,Borussia Dortmund,Freiburg,40096,classic,Bundesliga,1,Germany,won,UEFA,TRUE,2018 - 2019,2 - 0,2018-12-01T14:30:00,2018-12-01T09:16:17.282000,"{'1': 1.337, 'X': 5.137, '2': 8.896, '1X': 1.064, 'X2': 3.247, '12': 1.14}"
115,Clyde,Berwick Rangers,40231,classic,League Two,1,Scotland,lost,UEFA,TRUE,2018 - 2019,03-Mar,2018-12-01T15:00:00,2018-12-01T09:16:17.282000,"{'1': 1.272, 'X': 5.28, '2': 8.682, '1X': 1.043, 'X2': 3.307, '12': 1.12}"
116,Hannover,Hertha Berlin,40097,classic,Bundesliga,12,Germany,won,UEFA,TRUE,2018 - 2019,0 - 2,2018-12-01T14:30:00,2018-12-01T09:16:17.282000,"{'1': 2.641, 'X': 3.42, '2': 2.599, '1X': 1.489, 'X2': 1.474, '12': 1.293}"
117,Maccabi Haifa,Hapoel Haifa,40180,classic,Premier League,1,Israel,lost,UEFA,TRUE,2018 - 2019,01-Mar,2018-12-01T19:00:00,2018-12-01T09:16:17.282000,"{'1': 1.774, 'X': 3.234, '2': 4.232, '1X': 1.186, 'X2': 1.892, '12': 1.276}"
118,Bnei Yehuda,Bnei Sakhnin,40177,classic,Premier League,1,Israel,lost,UEFA,TRUE,2018 - 2019,0 - 1,2018-12-01T14:00:00,2018-12-01T09:16:17.282000,"{'1': 1.724, 'X': 3.256, '2': 4.502, '1X': 1.168, 'X2': 1.954, '12': 1.27}"
119,Dunfermline Athletic,Greenock Morton,40222,classic,Championship,1,Scotland,won,UEFA,TRUE,2018 - 2019,3 - 0,2018-12-01T15:00:00,2018-12-01T09:16:17.282000,"{'1': 1.68, 'X': 3.657, '2': 4.552, '1X': 1.167, 'X2': 2.077, '12': 1.222}"
120,Giana Erminio,FeralpiSalo,40118,classic,Serie C,12,Italy,won,UEFA,TRUE,2018 - 2019,02-Apr,2018-12-01T13:30:00,2018-12-01T09:16:17.282000,"{'1': 2.465, 'X': 2.873, '2': 2.86, '1X': 1.358, 'X2': 1.467, '12': 1.35}"
121,Espanyol B,Ebro,40137,classic,Segunda Division B Group 3,1X,Spain,won,UEFA,TRUE,2018 - 2019,0 - 0,2018-12-01T15:00:00,2018-12-01T09:16:17.282000,"{'1': 1.92, 'X': 3.09, '2': 3.797, '1X': 1.212, 'X2': 1.722, '12': 1.295}"
122,Maccabi Petah Tikva,Maccabi Tel Aviv,40181,classic,Premier League,2,Israel,lost,UEFA,TRUE,2018 - 2019,01-Jan,2018-12-01T19:00:00,2018-12-01T09:16:17.282000,"{'1': 6.122, 'X': 3.716, '2': 1.474, '1X': 2.4, 'X2': 1.102, '12': 1.206}"
123,MFK Zemplin Michalovce,Zlate Moravce,40243,classic,Superliga,1X,Slovakia,won,UEFA,TRUE,2018 - 2019,3 - 0,2018-12-01T13:00:00,2018-12-01T09:16:17.282000,"{'1': 1.805, 'X': 3.535, '2': 3.708, '1X': 1.237, 'X2': 1.855, '12': 1.242}"
124,Cordoba,Elche,40321,classic,Segunda Division,1X,Spain,won,UEFA,TRUE,2018 - 2019,01-Jan,2018-12-01T15:00:00,2018-12-01T09:16:17.282000,"{'1': 2.2, 'X': 3.086, '2': 3.319, '1X': 1.306, 'X2': 1.623, '12': 1.321}"
125,Mlada Boleslav,Karvina,40164,classic,First League,1,Czech Republic,lost,UEFA,TRUE,2018 - 2019,01-Jan,2018-12-01T14:00:00,2018-12-01T09:16:17.282000,"{'1': 1.63, 'X': 3.957, '2': 4.605, '1X': 1.172, 'X2': 2.16, '12': 1.207}"
126,Saint Mirren,Hamilton Academical,40220,classic,Premiership,12,Scotland,won,UEFA,TRUE,2018 - 2019,01-Mar,2018-12-01T15:00:00,2018-12-01T09:16:17.282000,"{'1': 2.22, 'X': 3.192, '2': 3.255, '1X': 1.327, 'X2': 1.625, '12': 1.313}"
127,Connah's Quay Nomads,Llandudno FC,40261,classic,Premier League,1,Wales,won,UEFA,TRUE,2018 - 2019,3 - 0,2018-12-01T14:30:00,2018-12-01T09:16:17.282000,"{'1': 1.267, 'X': 5.132, '2': 8.915, '1X': 1.043, 'X2': 3.297, '12': 1.117}"
128,Alloa Athletic,Ross County,40221,classic,Championship,2,Scotland,won,UEFA,TRUE,2018 - 2019,0 - 1,2018-12-01T15:00:00,2018-12-01T09:16:17.282000,"{'1': 4.675, 'X': 3.703, '2': 1.653, '1X': 2.082, 'X2': 1.158, '12': 1.225}"
129,Crystal Palace,Burnley,40056,classic,Premier League,1,England,won,UEFA,TRUE,2018 - 2019,2 - 0,2018-12-01T15:00:00,2018-12-01T09:16:17.282000,"{'1': 1.554, 'X': 3.957, '2': 6.75, '1X': 1.11, 'X2': 2.454, '12': 1.224}"
130,Mafra,Porto B,40208,classic,Segunda Liga,1X,Portugal,won,UEFA,TRUE,2018 - 2019,02-Jan,2018-12-01T11:00:00,2018-12-01T09:16:17.282000,"{'1': 2.257, 'X': 3.16, '2': 3.013, '1X': 1.34, 'X2': 1.573, '12': 1.297}"
131,Braintree,Barrow,40073,classic,National League,2,England,won,UEFA,TRUE,2018 - 2019,0 - 2,2018-12-01T15:00:00,2018-12-01T12:15:21.956000,"{'1': 2.963, 'X': 3.237, '2': 2.273, '1X': 1.569, 'X2': 1.354, '12': 1.284}"
132,Alki Oroklini,Nea Salamina Famagusta,40162,classic,First Division,2,Cyprus,lost,UEFA,TRUE,2018 - 2019,2 - 0,2018-12-01T15:00:00,2018-12-01T12:15:21.956000,"{'1': 5.463, 'X': 3.737, '2': 1.503, '1X': 2.335, 'X2': 1.12, '12': 1.202}"
133,Stuttgart,Augsburg,40098,classic,Bundesliga,1X,Germany,won,UEFA,TRUE,2018 - 2019,1 - 0,2018-12-01T14:30:00,2018-12-01T12:15:21.956000,"{'1': 2.611, 'X': 3.38, '2': 2.656, '1X': 1.457, 'X2': 1.49, '12': 1.299}"
134,Newcastle,West Ham,40060,classic,Premier League,12,England,won,UEFA,TRUE,2018 - 2019,0 - 3,2018-12-01T15:00:00,2018-12-01T12:15:21.956000,"{'1': 2.496, 'X': 3.266, '2': 2.961, '1X': 1.404, 'X2': 1.534, '12': 1.313}"
135,Aldershot,Ebbsfleet United,40072,classic,National League,1X,England,lost,UEFA,TRUE,2018 - 2019,0 - 2,2018-12-01T15:00:00,2018-12-01T12:15:21.956000,"{'1': 2.649, 'X': 3.146, '2': 2.561, '1X': 1.46, 'X2': 1.447, '12': 1.291}"
136,Ards FC,Warrenpoint Town,40192,classic,NIFL Premiership,12,Northern Ireland,lost,UEFA,TRUE,2018 - 2019,01-Jan,2018-12-01T15:00:00,2018-12-01T12:15:21.956000,"{'1': 2.447, 'X': 3.333, '2': 2.563, '1X': 1.441, 'X2': 1.483, '12': 1.264}"
137,Manchester City,Bournemouth,40059,classic,Premier League,1,England,won,UEFA,TRUE,2018 - 2019,03-Jan,2018-12-01T15:00:00,2018-12-01T12:15:21.956000,"{'1': 1.111, 'X': 10.129, '2': 22.346, '1X': 1.013, 'X2': 6.295, '12': 1.035}"
138,Fiorentina,Juventus,40112,classic,Serie A,2,Italy,won,UEFA,TRUE,2018 - 2019,0 - 3,2018-12-01T17:00:00,2018-12-01T15:13:15.273000,"{'1': 5.674, 'X': 3.769, '2': 1.631, '1X': 2.234, 'X2': 1.143, '12': 1.241}"
